No,Business Name,Phone,Website,Email,Rating,Reviews,Address,Lead Score,Priority,Status,Contacted,Created Date,AI Generated Cold Email,_email_stats
1,Wan Chai Computer Centre,+852 2834 7685,https://www.facebook.com/WanchaiComputerCentre/,Email Not Found,3.8,5290 reviews,"130 Hennessy Rd, Wan Chai, Hong Kong",75,🔥 High Priority,New,No,2026-07-15 17:37:33,"Subject Line: Elevate Your Brand in Hong Kong's Bustling Streets

Dear Wan Chai Computer Centre,

I came across your business on Facebook and noticed your commitment to serving the community with top-notch computer services. As a local business owner, you understand the importance of reaching your target audience in the heart of Hong Kong.

At lightfantastic.tv, we specialize in out-of-home advertising that puts your brand on the streets of Hong Kong. Our large-format displays allow you to capture the attention of millions of people, increasing brand awareness and driving foot traffic to your business.

By partnering with us, you'll be able to reserve our peak season slots and save against booking each display individually. But, for a limited time, we're offering an unbeatable Singles' Day deal from November 5th to 11th, 2026: just HK$120,000 per window.

Imagine the impact of having your brand shine in four prominent locations across Hong Kong for a fraction of the cost. It's an opportunity you won't want to miss! If you're interested in learning more or reserving your slots, please reply to this email at hello@lightfantastic.tv.

Best regards,

Rachel Lee
Sales Representative
lightfantastic.tv
Out-of-home advertising, Hong Kong | Put your brand on the streets of Hong Kong",
2,Golden Computer Centre,+852 6222 3792,https://www.gaminghk.com/,Email Not Found,3.9,1198 reviews,"Hong Kong, Sham Shui Po, Fuk Wa St, 146至152號, 1/F, 31號舖, Golden Computer Arcade",75,🔥 High Priority,New,No,2026-07-15 17:37:33,"Subject: Elevate Your Brand on Hong Kong's Streets

Dear Golden Computer Centre Team,

I came across your gaming store, GamingHK, and was impressed by your 3.9-star rating and extensive product range. As a representative from lightfantastic.tv, I'm excited to introduce you to a unique opportunity to amplify your brand's presence in Hong Kong.

Our digital signage platform offers four strategically located windows that can be reserved for a fixed fee of HK$400,000, allowing you to dominate the peak season without worrying about individual window bookings. However, I'd like to make you aware of a special offer that might interest you.

In celebration of Singles' Day, from November 5th to 11th, 2026, we're offering a limited-time discount of HK$120,000 per window, making it an ideal time to take your brand to the streets of Hong Kong. This out-of-home advertising solution will not only boost your visibility but also drive foot traffic to your store.

If you're interested in learning more about how lightfantastic.tv can help elevate your brand, I'd be more than happy to schedule a call to discuss further. Please don't hesitate to reach out to me at hello@lightfantastic.tv.

Best regards,

Emily Wong
Sales Representative
lightfantastic.tv
Out-of-home advertising, Hong Kong Put your brand on the streets of Hong Kong.",
3,Golden Computer Arcade,No Phone Number,https://gcamall.com.hk/,Email Not Found,4,15778 reviews,"146-152號, Fuk Wa St, Un Chau, Hong Kong",70,🔥 High Priority,New,No,2026-07-15 17:37:33,"Subject: Unlock Peak Season Visibility for Golden Computer Arcade

Dear Golden Computer Arcade Team,

I came across your website, gcamall.com.hk, and was impressed by the great products and services you offer to the tech-savvy community in Hong Kong. As a representative from lightfantastic.tv, I'd like to introduce you to our cutting-edge out-of-home advertising platform that can help amplify your brand's reach and visibility.

Our unique display network of 4 large-format windows in prime locations across Hong Kong can help attract and engage your target audience like never before. By partnering with lightfantastic.tv, you can take advantage of a reserved full peak season package, saving you money compared to booking each window individually for HK$400,000.

To kick-start our partnership, we're excited to offer an exclusive Singles' Day promotion from November 5th to 11th, 2026, with each window available for HK$120,000. This limited-time opportunity is a chance to elevate your brand's presence and drive sales during one of the busiest shopping periods of the year.

If you're interested in learning more about this special offer and how lightfantastic.tv can help Golden Computer Arcade reach new heights, please don't hesitate to reach out to us at hello@lightfantastic.tv.

Best regards,

Emily Wong
Sales Representative
lightfantastic.tv
Out-of-home advertising, Hong Kong | Put your brand on the streets of Hong Kong",
4,Jumbo Computer Supplies,+852 2782 6482,http://www.jumbo-computer.com/,sales@jumbo-computer.com,4.1,375 reviews,"2505室, 39號 Sai Yee St, Mong Kok, Hong Kong",95,🔥 High Priority,New,No,2026-07-15 17:37:33,"Subject Line: Elevate Your Brand's Visibility in Hong Kong with lightfantastic.tv

Dear Jumbo Computer Supplies Team,

I hope this email finds you well. As a sales representative at lightfantastic.tv, I've been following your success and growth at Jumbo Computer Supplies (http://www.jumbo-computer.com/), and I'm excited to introduce you to a unique opportunity to take your brand to the next level.

As a leading technology supplier, you understand the importance of being visible and top-of-mind in the market. That's where lightfantastic.tv comes in – we offer out-of-home advertising solutions that put your brand on the streets of Hong Kong, where it matters most. Imagine having your message seen by a large audience, resonating with potential customers, and driving sales.

By partnering with lightfantastic.tv, you can achieve:

- Increased brand awareness and recognition
- Improved customer engagement and loyalty
- Enhanced credibility and reputation

To make it even more enticing, we're offering an exclusive promotion for Singles' Day (5-11 Nov 2026). For a limited time, you can reserve a window for just HK$120,000. This is a rare opportunity to save against booking each window on its own, and secure your spot during the peak season.

If you're interested in learning more about how lightfantastic.tv can benefit Jumbo Computer Supplies, please don't hesitate to reach out. Simply reply to this email or contact us at hello",
5,298 Computer zone 298 電腦特區,+852 2591 4187,No Website,No Website,3.6,1450 reviews,"298 Hennessy Rd, Wan Chai, Hong Kong",55,⭐ Medium Priority,New,No,2026-07-15 17:37:33,"Subject: Elevate Your Brand's Visibility in Hong Kong with lightfantastic.tv

Dear 298 Computer Zone Team,

I came across your business and noticed your commitment to providing top-notch computer services in Hong Kong. As a fellow local business, I'd like to introduce you to lightfantastic.tv - a cutting-edge out-of-home advertising platform that helps brands like yours reach a wider audience.

Our platform offers four prime windows in high-traffic areas, allowing you to reserve the full peak season and save compared to booking each window individually. With lightfantastic.tv, you can put your brand on the streets of Hong Kong, increasing brand awareness and driving customer engagement.

This Singles' Day, from November 5th to 11th, 2026, we're offering a special promotion - HK$120,000 per window. This is a unique opportunity for your business to shine in front of a massive audience.

If you're interested in exploring how lightfantastic.tv can help 298 Computer Zone reach new heights, please don't hesitate to reach out to us at hello@lightfantastic.tv. We'd be delighted to discuss further and provide a personalized proposal tailored to your business needs.

Best regards,

Emily Wong
Sales Representative
lightfantastic.tv
Out-of-home advertising, Hong Kong. Put your brand on the streets of Hong Kong.",
6,Capital Computer Centre Limited,+852 2361 3268,http://www.cap.com.hk/,info@cap.com.hk,3.7,237 reviews,"地庫49,51,53,55號舖, 黃金電腦商場, 146號 Fuk Wa St, Sham Shui Po, Hong Kong",90,🔥 High Priority,New,No,2026-07-15 17:37:33,"Subject: Elevate Your Brand in Hong Kong with Lightfantastic.tv

Dear Capital Computer Centre Limited Team,

I came across your business, Capital Computer Centre Limited (http://www.cap.com.hk/), and was impressed by your 3.7-star rating and commitment to serving the community. As a professional in the out-of-home advertising space, I believe our platform, lightfantastic.tv, can help take your brand to the next level.

Lightfantastic.tv offers a unique opportunity to reach a wide audience in Hong Kong through our network of digital screens. By partnering with us, you can increase brand visibility, engage with your target audience, and drive business growth. Our platform is particularly effective for businesses like yours, which rely on building strong connections with their customers.

To make the most of the upcoming holiday season, we're excited to offer a special promotion for Singles' Day, from November 5th to 11th, 2026. For just HK$120,000 per window, you can reserve a spot on our screens and reach a massive audience. This is a one-time opportunity to save against booking each window individually.

If you're interested in learning more about how lightfantastic.tv can help your business thrive, please don't hesitate to reach out to us at hello@lightfantastic.tv. We'd be delighted to discuss this further and explore how our platform can meet your marketing goals.

Best regards,

Emily Wong
Sales Representative
lightfantastic.tv",
7,Mongkok Computer Centre,+852 2781 0706,http://www.mongkokcc.com/,Email Not Found,3.7,822 reviews,"8號 Nelson St, Mong Kok, Hong Kong",75,🔥 High Priority,New,No,2026-07-15 17:37:33,"Subject: Elevate Your Brand in Hong Kong's Bustling Streets

Dear Mongkok Computer Centre Team,

I came across your business at mongkokcc.com and was impressed with the excellent services you offer to the community. As a business owner in the heart of Hong Kong, I'm sure you understand the importance of reaching your target audience effectively.

At lightfantastic.tv, we specialize in out-of-home advertising that puts your brand on the streets of Hong Kong. Our innovative approach allows you to capture the attention of passersby, driving foot traffic and increasing brand awareness. By partnering with us, you can take advantage of our extensive network of digital screens strategically located throughout the city.

Imagine having a presence in the midst of the bustling streets of Mong Kok, reaching thousands of potential customers every day. Our platform provides a unique opportunity for businesses like yours to elevate their brand and stand out from the competition.

To celebrate Singles' Day, we're offering a limited-time promotion: HK$120,000 per window from November 5th to 11th, 2026. This is a rare chance to secure a high-impact advertising slot at an unbeatable price.

If you're interested in learning more about this opportunity or would like to reserve a spot, please don't hesitate to reach out to us at hello@lightfantastic.tv.

Best regards,

Emily Wong
Sales Representative, lightfantastic.tv
Out-of-home advertising, Hong Kong Put your brand on the streets of Hong Kong",
8,翼電腦 Wings Computer,+852 9856 4188,http://www.wingscomputer.com.hk/,Email Not Found,4.9,599 reviews,"號地下, 230 Hai Tan St, Sham Shui Po, Hong Kong",85,🔥 High Priority,New,No,2026-07-15 17:37:33,"Subject Line: Elevate Your Brand in the Heart of Hong Kong

Dear 翼電腦 Wings Computer Team,

I came across your exceptional 4.9-star rating on http://www.wingscomputer.com.hk/ and was impressed by your commitment to delivering top-notch services to your clients. As a fellow Hong Kong-based company, we believe that our out-of-home advertising solution, lightfantastic.tv, can help you amplify your brand presence and reach a wider audience.

Lightfantastic.tv offers a unique opportunity to showcase your brand on four prominent windows in the heart of Hong Kong. By reserving the full peak season, you can save against booking each window individually and make a lasting impact on potential customers.

To celebrate Singles' Day, we're offering a special promotion from November 5th to 11th, where you can take one of our windows for an unbeatable price of HK$120,000. This is a limited-time opportunity to elevate your brand and drive business growth.

If you're interested in learning more about how lightfantastic.tv can benefit your business, I'd be delighted to discuss further. Please don't hesitate to reach out to me at hello@lightfantastic.tv.

Best regards,

Emily Woo
Sales Representative
lightfantastic.tv
Out-of-home advertising, Hong Kong. Put your brand on the streets of Hong Kong.",
9,Future Technology Computer LTD ​未來科技電腦有限公司 BUYMORE.HK,+852 2117 3773,http://buymore.hk/,Email Not Found,3.8,160 reviews,"Shop 156-159 298, Computer Zone, 298 Hennessy Rd, Wan Chai, Hong Kong",75,🔥 High Priority,New,No,2026-07-15 17:37:33,"Subject: Elevate Your Brand in Hong Kong with lightfantastic.tv

Dear Future Technology Computer LTD Team,

I came across your website, BUYMORE.HK, and was impressed by your offerings in the tech industry. As a marketing professional, I understand the importance of effective out-of-home advertising to reach your target audience.

At lightfantastic.tv, we specialize in bringing your brand to life on the streets of Hong Kong. By utilizing our platform, you can maximize your brand visibility, increase foot traffic, and drive sales. Our unique approach allows you to reserve all four windows for a discounted rate of HK$400,000, ensuring you're always top-of-mind for your customers.

To further amplify your brand's impact, we're excited to offer an exclusive promotion for Singles' Day on November 5th to 11th. For this limited period, you can secure one of our prime windows for just HK$120,000. This is a rare opportunity to shine on the busiest streets of Hong Kong and capitalize on the festive spirit.

If you're interested in learning more about how lightfantastic.tv can enhance your marketing strategy, please don't hesitate to reach out to us at hello@lightfantastic.tv. Our team would be delighted to discuss the possibilities and explore how we can help take your brand to the next level.

Best regards,

Emily Wong
Sales Representative
lightfantastic.tv",
10,Centralfield Computer Ltd.,+852 2387 0273,https://centralfield.com/,sales@centralfield.com,3.8,824 reviews,"1/F, Golden Computer Center, 高登電腦中心1樓10-16A號舖 Shop 10 - 16A, 148-152 Fuk Wa St, Sham Shui Po, Hong Kong",90,🔥 High Priority,New,No,2026-07-15 17:37:33,"Subject Line: Unlock the Full Potential of Your Brand in Hong Kong

Dear Centralfield Computer Ltd. Team,

I came across your business, Centralfield Computer Ltd., while researching companies in the tech industry. I was impressed by your 3.8-star rating on your website and the comprehensive services you offer to your customers.

At lightfantastic.tv, we specialize in out-of-home advertising that puts your brand on the streets of Hong Kong. Our unique digital screens provide an engaging and impactful way to reach your target audience, increasing brand awareness and driving foot traffic to your business. With our extensive network of windows, you can reserve the full peak season and save against booking each window on its own.

To give you an opportunity to elevate your brand presence, we're excited to offer a special promotion for Singles' Day this year (5 to 11 Nov 2026). For a limited time, you can reserve one of our windows for just HK$120,000.

If this is something you're interested in, I'd love to discuss the details further and provide you with a personalized quote. Please don't hesitate to reach out to me directly at hello@lightfantastic.tv.

Best regards,

Emily Wong
Sales Representative
lightfantastic.tv
Out-of-home advertising, Hong Kong
Put your brand on the streets of Hong Kong.",
11,Mr. Computer (HK) Ltd,+852 5117 9738,No Website,No Website,4.2,13 reviews,"Hong Kong, 與英皇中心中間 298 Hennessy Road Wan Chai, C C Wu Building, 298 computer Zone 在, Shop 132 , UG/Floor",52,⭐ Medium Priority,New,No,2026-07-15 17:37:33,"Subject: Boost Your Brand's Visibility in Hong Kong with lightfantastic.tv

Dear Mr. Computer (HK) Ltd Team,

I came across your company, Mr. Computer (HK) Ltd, and noticed that you have a strong 4.2-star rating, which showcases your commitment to delivering quality services to your customers. As a local business, it's essential to maintain a strong presence in the market, and that's where we can help.

At lightfantastic.tv, we specialize in out-of-home advertising that puts your brand on the streets of Hong Kong. Our unique digital displays can be found across four prime locations in the city, reaching millions of potential customers every month. By partnering with us, you can effectively increase brand awareness, drive foot traffic to your store, and ultimately boost sales.

We understand that managing a marketing budget can be challenging, which is why we're excited to offer a special promotion for Singles' Day from November 5th to 11th. For a limited time, you can reserve a window for just HK$120,000, a significant discount from our usual rate.

If you're interested in learning more about how lightfantastic.tv can help your business thrive, please don't hesitate to reach out to us at hello@lightfantastic.tv. We'd be happy to schedule a call to discuss your marketing goals and explore how our out-of-home advertising solutions can benefit your company.

Best regards,

Emily Wong
Sales Representative
lightfantastic.tv",
12,SE Computer,+852 3586 3930,https://secomputer.com.hk/products/all,sales@secomputer.com.hk,4.3,44 reviews,"62 Fuk Wa Street, Golden Computer Arcade, Fuk Wa St, Sham Shui Po, Hong Kong",89,🔥 High Priority,New,No,2026-07-15 17:37:33,"Subject Line: Elevate Your Brand in Hong Kong with Lightfantastic.tv

Hi SE Computer Team,

I came across your website, and I was impressed by the quality of products and services you offer. As a business that values visibility and exposure, I think you'll appreciate our out-of-home advertising solution, lightfantastic.tv.

Our network of screens is strategically located across Hong Kong, providing an unparalleled opportunity to reach a massive audience. By partnering with us, you'll be able to increase brand awareness, drive engagement, and ultimately drive sales. Our platform is designed to be user-friendly, allowing you to easily manage and schedule your ad campaigns.

To help you make the most of the upcoming peak season, we're excited to offer a special promotion for Singles' Day (5-11 Nov 2026). For just HK$120,000 per window, you can reserve a prime spot and reach thousands of potential customers.

If you're interested in learning more about how lightfantastic.tv can help SE Computer achieve its marketing goals, I'd love to set up a call to discuss further. Simply reply to this email or reach out to us at hello@lightfantastic.tv.

Looking forward to hearing from you!

Best regards,
Emily Wong
Sales Representative, Lightfantastic.tv
Out-of-home advertising, Hong Kong | Put your brand on the streets of Hong Kong
www.lightfantastic.tv | hello@lightfantastic.tv",
13,ASUS ROG PRO SHOP,+852 2386 6456,https://www.asus.com/hk/,business@asus.com,4.8,233 reviews,"Hong Kong, Sham Shui Po, HK 九龍 深水埗 Fuk Wa Street Shop 40A,G/F,Golden Computer Arcade黃金商場地面40A",100,🔥 High Priority,New,No,2026-07-15 17:37:33,"Subject: Elevate Your Brand in Hong Kong with Lightfantastic.tv

Hi ASUS ROG PRO SHOP Team,

I came across your outstanding online presence and ratings (4.8, impressive!), and I thought it'd be great to introduce you to a unique opportunity to amplify your brand's visibility on the streets of Hong Kong.

Lightfantastic.tv is an out-of-home advertising platform offering a unique chance to reserve all four windows for a fixed price of HK$400,000. This not only secures your peak season booking but also provides cost savings compared to individual window reservations.

As a forward-thinking retailer like ASUS ROG PRO SHOP, you understand the importance of building brand awareness and reaching a wider audience. Our platform allows you to put your brand in the spotlight, literally, on some of Hong Kong's busiest streets.

To make it even more enticing, we're offering a special promotion for Singles' Day from November 5th to 11th. For HK$120,000 per window, you can elevate your brand's presence during this highly sought-after period.

If you're interested in learning more about how Lightfantastic.tv can benefit ASUS ROG PRO SHOP, or would like to book your window(s) for the Singles' Day promotion, please don't hesitate to reach out to us at hello@lightfantastic.tv.

Looking forward to the possibility of collaborating with your team.

Best regards,

Emily Wong
Sales Representative
Lightfantastic.tv - Out-of-home advertising,",
14,飛馬 PEGASUS,+852 9540 8014,http://shop.pegasus.hk/,sales@shop.pegasus.hk,4.7,683 reviews,"5 樓 A 室, 楊耀松（第六）工業大廈, 19 號 Cheung Shun St, Lai Chi Kok, Hong Kong",100,🔥 High Priority,New,No,2026-07-15 17:37:33,"Subject: Unlock the Streets of Hong Kong with Lightfantastic.tv

Hi 飛馬 PEGASUS Team,

I came across your brand and was impressed by your 4.7-star rating on http://shop.pegasus.hk/. As a business that values excellence, I think you'll be interested in our innovative out-of-home advertising solution, lightfantastic.tv.

Our network of digital displays reaches millions of people across Hong Kong, providing unparalleled brand visibility and engaging experiences for your customers. By partnering with us, you can effectively promote your brand, increase foot traffic, and drive sales.

With lightfantastic.tv, you can reserve multiple windows at a discounted rate, saving you money compared to booking each window individually. And, to celebrate Singles' Day, we're offering an exclusive promotion from November 5 to 11: HK$120,000 per window.

This is a limited-time opportunity to amplify your brand's presence in Hong Kong. If you're interested in learning more, please don't hesitate to reach out to us at hello@lightfantastic.tv.

Best regards,

Emily Wong
Sales Representative, lightfantastic.tv
Out-of-home advertising, Hong Kong
Put your brand on the streets of Hong Kong.",
15,IronClad Craft PC,+852 3100 0076,https://www.ironcladpcs.com/,sales@ironcladforge.com,4.9,61 reviews,"Flat 11, 12th Floor, Goodluck Industrial Center, 808 Lai Chi Kok Rd, Cheung Sha Wan, Hong Kong",97,🔥 High Priority,New,No,2026-07-15 17:37:33,"Subject: Elevate Your Brand's Visibility in Hong Kong with lightfantastic.tv

Dear IronClad Craft PC Team,

I hope this email finds you well. As a representative from lightfantastic.tv, I've been following your success and impressive 4.9-star rating on https://www.ironcladpcs.com/. It's clear that you're committed to delivering high-quality products to your customers.

At lightfantastic.tv, we're passionate about helping businesses like yours amplify their brand presence in Hong Kong. Our unique out-of-home advertising solution allows you to reach your target audience with precision, creating lasting impressions on the streets of Hong Kong. By partnering with us, you can tap into a vast audience and drive brand awareness, ultimately contributing to your business growth.

As we approach the peak season, now's the perfect time to secure your spot on the streets of Hong Kong. We're excited to offer an exclusive promotion just for you: from November 5th to 11th, take advantage of HK$120,000 per window, an unbeatable value for our premium out-of-home advertising experience.

Don't miss this fantastic opportunity to elevate your brand's visibility in Hong Kong. To learn more about this limited-time offer and how lightfantastic.tv can help your business thrive, simply reply to this email or reach out to us at hello@lightfantastic.tv.

Best regards,

Emily Wong
Sales Representative
lightfantastic.tv
Out-of-home advertising, Hong Kong",
16,Techspot 科點,+852 2651 8338,http://www.techspot.com.hk/,techspot@techspot.com.hk,4.8,19 reviews,"Shop 210, 2/F, Melbourne Plaza, 33 Queen's Road Central, Central, Hong Kong",92,🔥 High Priority,New,No,2026-07-15 17:37:33,"Subject: Unlock Peak Season Advertising Opportunities in Hong Kong

Hi Techspot 科點 Team,

I came across your excellent 4.8-star rated website (http://www.techspot.com.hk/) and noticed your commitment to delivering innovative technology solutions to the Hong Kong market. As a representative of lightfantastic.tv, I'd like to introduce you to our out-of-home advertising platform that can help take your brand to the streets of Hong Kong.

Our network of four prime windows offers a unique opportunity to reserve the full peak season, ensuring maximum visibility for your brand. Typically, booking each window individually would be out of budget, but by reserving all four, you can save significantly and make a lasting impact on your target audience. For a one-time investment of HK$400,000, you can dominate the city's busiest areas and drive brand awareness like never before.

To make it even more compelling, we're running a special promotion for Singles' Day from November 5th to 11th, 2026. For this limited period, you can secure our prime windows at an unbeatable rate of HK$120,000 per window. This is a rare chance to amplify your brand's reach and engage with your audience in a bold, eye-catching way.

If you're interested in learning more about how lightfantastic.tv can elevate your brand's presence in Hong Kong, please don't hesitate to reach out to us at hello@lightfantastic.tv.

Best regards,

Emily Wong",
17,Computer Centre,+852 9060 1256,https://www.computercentre.com.hk/,Email Not Found,3.6,15 reviews,"25/F MM9, 恒匯中心, 232號 Wan Chai Rd, Wan Chai, Hong Kong",67,⭐ Medium Priority,New,No,2026-07-15 17:37:33,"Subject: Elevate Your Brand in Hong Kong with Lightfantastic.tv

Dear Computer Centre Team,

I came across your website, https://www.computercentre.com.hk/, and was impressed by the range of services you offer. As a business owner in Hong Kong, you understand the importance of effective advertising to reach your target audience.

At lightfantastic.tv, we specialize in out-of-home advertising that puts your brand on the streets of Hong Kong. Imagine having four high-impact digital windows in prominent locations, showcasing your brand to millions of people every day. Our solution is not only eye-catching but also measurable, allowing you to track the effectiveness of your campaigns.

By partnering with us, Computer Centre can benefit from increased brand awareness, customer engagement, and ultimately, drive sales. And right now, we're offering a special promotion for Singles' Day, from 5 to 11 November 2026. For just HK$120,000 per window, you can reserve a digital window and get the most out of the peak season.

If you're interested in taking your brand to the next level, please don't hesitate to reach out to us at hello@lightfantastic.tv. Our team would be more than happy to discuss how lightfantastic.tv can help Computer Centre achieve its advertising goals.

Best regards,

Emily Wong
Sales Representative
Lightfantastic.tv
Out-of-home advertising, Hong Kong. Put your brand on the streets of Hong Kong.",
18,旺角 MacBook 維修 | Mac Data Recovery | MacBook 屏幕維修 | iCertified 香港,+852 9825 9864,https://zh.icertified.com.hk/,icertified@icertifiedhk.com,4.8,118 reviews,"Unit 809, 8/F, Hollywood Plaza, 610 Nathan Rd, Mong Kok, Hong Kong",100,🔥 High Priority,New,No,2026-07-15 17:37:33,"Subject Line: Unlock the Full Potential of Your Business in Hong Kong's Bustling Streets

Dear 旺角 MacBook 維修 | Mac Data Recovery | MacBook 屏幕維修 | iCertified 香港 Team,

As a trusted provider of Mac repair services and certified solutions in Hong Kong, I'm sure you understand the importance of visibility and brand awareness in a competitive market. That's where lightfantastic.tv comes in - a cutting-edge out-of-home advertising platform that puts your brand on the streets of Hong Kong.

Our platform allows you to reserve multiple digital windows at a discounted rate, ensuring your message reaches the right audience at the right time. With lightfantastic.tv, you can:

- Increase brand visibility and reach a wider audience
- Drive foot traffic to your physical stores
- Enhance your online presence through targeted advertising

To celebrate Singles' Day, we're offering a special promotion from November 5th to 11th: HK$120,000 per window. This is a rare opportunity to make a significant impact on the streets of Hong Kong without breaking the bank.

If you're interested in taking your business to the next level, I'd love to schedule a call to discuss how lightfantastic.tv can help you achieve your goals. Simply reply to this email or reach out to us at hello@lightfantastic.tv.

Looking forward to hearing from you soon.

Best regards,

Emily Wong
Sales Representative, lightfantastic.tv",
19,"Hongkong Yejian Technologies Co., Ltd",+852 2592 5411,http://www.router-switch.com/,Email Not Found,4.5,14 reviews,"Rm 605, COMM BLDG, 75-77 Fa Yuen St, Mong Kok, Hong Kong",77,🔥 High Priority,New,No,2026-07-15 17:37:33,"Here's a professional and persuasive cold email:

Subject: Elevate Your Brand in Hong Kong's Bustling Streets

Dear Hongkong Yejian Technologies Co., Ltd Team,

I came across your company, Hongkong Yejian Technologies Co., Ltd, and was impressed by your 4.5-star rating and extensive product offerings on http://www.router-switch.com/. It's clear that you're committed to delivering top-notch solutions to your customers.

At lightfantastic.tv, we specialize in out-of-home advertising that puts your brand where it matters most - on the streets of Hong Kong. Our unique product offers four windows showcasing your brand to a massive audience, making it an unbeatable value proposition.

By partnering with us, you can effectively reach and engage with your target audience, increasing brand awareness and driving business growth. Our solution is perfect for companies like yours that want to leave a lasting impression in the city.

To give you an unbeatable opportunity to elevate your brand, we're offering a special promotion for Singles' Day from November 5th to 11th, 2026. Book any of our four windows at an exclusive rate of HK$120,000 per window.

Don't miss out on this chance to amplify your brand's presence in Hong Kong. To reserve your spot, simply reply to this email at hello@lightfantastic.tv or visit our website.

Best regards,

Emily Wong
Sales Representative
lightfantastic.tv
Out-of-home advertising, Hong Kong -",
20,Come In,+852 9367 6134,No Website,No Website,4.9,7 reviews,"星際城市3樓304號鋪, Chung Kiu Commercial Building, 47-51號 Shantung St, Mong Kok, Hong Kong",57,⭐ Medium Priority,New,No,2026-07-15 17:37:33,"Subject Line: Elevate Your Brand in Hong Kong's Bustling Streets

Hi Come In Team,

I came across your impressive 4.9-star rating and couldn't help but think that a business of your caliber deserves an equally impressive platform to showcase its brand. That's where lightfantastic.tv comes in – a game-changing out-of-home advertising solution that puts your brand on the streets of Hong Kong, where it matters most.

Our unique, four-window display system allows you to reserve the full peak season and save against booking each window on its own. This means you can reach a wider audience, drive more traffic, and boost your brand's visibility like never before.

This Singles' Day, from November 5th to 11th, we're offering an unbeatable deal – HK$120,000 per window. This is an opportunity you won't want to miss, especially considering the foot traffic and sales potential during this peak shopping period.

If you're as excited as we are about this limited-time offer, please don't hesitate to reach out to us at hello@lightfantastic.tv. We'd be more than happy to discuss how lightfantastic.tv can help you elevate your brand and achieve your marketing goals.

Looking forward to hearing from you!

Best regards,

Emily Wong
 lightfantastic.tv",
21,Splunk Office HK,+852 3975 4000,http://www.splunk.com/,support@appdynamics.com,5,1 reviews,"31/F, Tower 5, The Gateway Harbour City, 15 Canton Rd, Tsim Sha Tsui, Hong Kong",90,🔥 High Priority,New,No,2026-07-15 17:37:33,"Subject: Unlock Peak Season Visibility for Splunk Office HK

Dear Splunk Office HK Team,

I hope this email finds you well. My name is Emily, and I'm a sales representative from lightfantastic.tv, Hong Kong's leading out-of-home advertising platform.

As a business owner, you understand the importance of reaching your target audience with effective marketing strategies. At lightfantastic.tv, we specialize in turning Hong Kong's streets into a dynamic canvas for your brand. Our unique offering allows you to reserve all four city-center windows for a competitive HK$400,000, providing unparalleled visibility and saving you against booking each window individually.

We've helped numerous businesses like yours, Splunk Office HK, elevate their brand presence and reach new heights. Our platform offers a unique opportunity to engage with potential customers, drive foot traffic, and boost sales.

To celebrate the upcoming Singles' Day, we're offering a special promotion from November 5 to 11, 2026. Book any of our city-center windows for just HK$120,000 – a limited-time opportunity to amplify your brand's visibility.

If you're interested in exploring how lightfantastic.tv can help Splunk Office HK shine, I'd be delighted to discuss further. Please don't hesitate to reach out to me directly at hello@lightfantastic.tv.

Best regards,
Emily
Sales Representative
lightfantastic.tv
Out-of-home advertising, Hong Kong. Put your brand on the streets of Hong Kong.",
22,"Computer Troubleshooters laptop repair, data recovery, Microsoft Surface, Razer, Dell, Acer Predator, ASUS, Lenovo, HP, LG",+852 9073 5517,http://www.comptroub.com.hk/,businesspartners@comptroub.com.hk,4.1,58 reviews,"3rd floor, Dah Sing Life Building, 99 Des Voeux Rd Central, Central, Hong Kong",92,🔥 High Priority,New,No,2026-07-15 17:37:33,"Subject Line: Amplify Your Brand's Visibility in the Heart of Hong Kong

Dear Computer Troubleshooters Team,

I came across your excellent services in laptop repair, data recovery, and other high-end tech solutions and was impressed by your 4.1-star rating online. As a business owner, you must be keen on reaching your target audience effectively, and that's where we come in.

At lightfantastic.tv, we offer a unique out-of-home advertising solution that allows you to put your brand on the streets of Hong Kong, making your message more engaging and memorable. Our network of four high-impact digital screens provides unparalleled visibility and reach, perfect for businesses like yours that want to make a lasting impression.

With our platform, you can reserve the full peak season and save against booking each window on its own, ensuring your brand stays top-of-mind throughout the year. And, to make it even more attractive, we're offering a special promotion for Singles' Day from November 5th to 11th, where you can rent each window for HK$120,000.

To take advantage of this limited-time offer, simply reply to this email at hello@lightfantastic.tv. Our team will be happy to guide you through the process and help you create a customized advertising campaign that drives real results for your business.

Looking forward to hearing from you.

Best regards,

Emily Wong
Sales Representative, lightfantastic.tv
Out-of-home advertising, Hong Kong. Put your",
23,"Hongkong Yejian Technologies Co., Ltd",+852 2592 5411,http://www.router-switch.com/,ccie-support@router-switch.com,4.5,14 reviews,"Rm 605, COMM BLDG, 75-77 Fa Yuen St, Mong Kok, Hong Kong",92,🔥 High Priority,New,No,2026-07-15 17:37:33,"Subject: Amplify Your Brand in Hong Kong with Lightfantastic.tv

Dear Hongkong Yejian Technologies Co., Ltd Team,

I came across your company, Hongkong Yejian Technologies Co., Ltd, and noticed your impressive rating of 4.5 on your website http://www.router-switch.com/. As an expert in out-of-home advertising in Hong Kong, I'd like to introduce you to Lightfantastic.tv, a unique opportunity to showcase your brand to a massive audience.

Lightfantastic.tv is a cutting-edge digital signage platform that transforms four strategic locations into a single, unified display. For just HK$400,000, you can reserve the full peak season and save against booking each window on its own. This means you can reach a broader demographic, increase brand visibility, and drive engagement like never before.

As a business like Hongkong Yejian Technologies Co., Ltd, you understand the importance of staying ahead of the competition. Lightfantastic.tv helps you do just that by providing a platform to showcase your brand's message, products, or services to thousands of people in Hong Kong. Our out-of-home advertising solutions are perfect for businesses looking to expand their reach, drive sales, and build brand awareness.

To make it even more compelling, we're offering a special promotion during Singles' Day from November 5th to 11th, 2026. For just HK$120,000 per window, you can take advantage of this limited-time opportunity to amplify",
24,Real golden computer (RG computer) - 專業砌機及電腦維修,+852 5129 6519,http://www.rgcomputerhk.com/,info@rgcomputerhk.com,5,7 reviews,"Hong Kong, Kwai Chung, 葵芳華豐工業中心二期11樓J",92,🔥 High Priority,New,No,2026-07-15 17:37:33,"Subject Line: Unlock the Full Potential of Out-of-Home Advertising in Hong Kong

Dear Real Golden Computer (RG Computer) Team,

I came across your excellent website (http://www.rgcomputerhk.com/) and noticed that you're a well-established computer assembly and repair service provider in Hong Kong. Your 5-star rating on Google is a testament to your dedication to providing top-notch services to your customers.

At lightfantastic.tv, we specialize in out-of-home advertising solutions that can help businesses like yours reach a wider audience in Hong Kong. Our unique digital screens are strategically placed in high-traffic areas, ensuring maximum visibility and engagement for your brand. By partnering with us, you can effectively promote your services, increase brand awareness, and ultimately drive more sales.

This Singles' Day, we're offering an exclusive promotion that you won't want to miss. From November 5th to 11th, reserve our digital screens for just HK$120,000 per window. This is an unbeatable deal that will help you take your marketing efforts to the next level.

Don't miss this opportunity to amplify your brand's presence in Hong Kong. If you're interested in learning more about this offer or would like to schedule a meeting, please don't hesitate to reach out to us at hello@lightfantastic.tv.

Looking forward to hearing from you!

Best regards,

Emily Wong
Sales Representative
lightfantastic.tv
Out-of-home advertising, Hong Kong
Put your brand on",
25,New Capital Computer Plaza,+852 3525 0989,No Website,No Website,3.7,1442 reviews,"85-95, Un Chau St, Sham Shui Po, Hong Kong",55,⭐ Medium Priority,New,No,2026-07-15 17:37:33,"Subject: Boost Your Visibility in Hong Kong with lightfantastic.tv

Dear New Capital Computer Plaza Team,

I came across your business and was impressed by your 3.7-star rating and commitment to serving the community. As a representative of lightfantastic.tv, I'm excited to introduce you to an innovative out-of-home advertising solution that can elevate your brand's presence in Hong Kong.

Our platform offers a unique opportunity to reach a massive audience through our strategic window displays. By partnering with us, you'll not only increase brand awareness but also drive foot traffic to your store. Our network of high-traffic locations allows you to target your ideal customer demographic and create a lasting impression.

To support businesses like yours, we're offering a special promotion for Singles' Day (5-11 Nov 2026). For just HK$120,000 per window, you can reserve our premium spots and enjoy significant savings compared to booking individual windows.

If you're interested in learning more about how lightfantastic.tv can help your business thrive, please don't hesitate to reach out to us at hello@lightfantastic.tv. We'd be delighted to discuss your advertising goals and create a customized plan that suits your needs.

Looking forward to hearing from you!

Best regards,

Emily Wong
Sales Representative
lightfantastic.tv
Out-of-home advertising, Hong Kong - Put your brand on the streets of Hong Kong.",
26,Lenovo Exclusive Service Center - Hongkong,+852 3516 8977,http://www3.lenovo.com/hk/zf/contact/contact_pc/,Email Not Found,3.6,438 reviews,"Unit 01, 8/F, Telecom Digital Tower, 58 Tsun Yip St, Kwun Tong, Hong Kong",75,🔥 High Priority,New,No,2026-07-15 17:37:33,"Here's a professional and persuasive cold email:

Subject: Elevate Your Brand with Lightfantastic.tv in Hong Kong

Dear Lenovo Exclusive Service Center - Hongkong Team,

I'm reaching out from Lightfantastic.tv, Hong Kong's premier out-of-home advertising platform. We help businesses like yours reach and engage with their target audience in a unique and impactful way. With our visually stunning digital screens situated across the city, we can help you raise awareness, drive foot traffic, and ultimately boost sales.

At Lightfantastic.tv, we understand that reaching your audience effectively is crucial in a competitive market like Hong Kong. Our platform allows you to reserve a guaranteed spot for your brand across our four windows, ensuring you stay top-of-mind throughout the peak season. And with our special offer for Singles' Day (5-11 Nov 2026), you can secure a prime spot for just HK$120,000 per window - a significant saving against booking each window individually.

Don't miss this opportunity to amplify your brand's presence in Hong Kong. Get in touch with us at hello@lightfantastic.tv to discuss how Lightfantastic.tv can elevate your business.

Best regards,

Emily Wong
Sales Representative
Lightfantastic.tv
Out-of-home advertising, Hong Kong - Put your brand on the streets of Hong Kong.",
27,Rahi Systems Hong Kong - Global IT Solutions Provider,+852 5808 0076,https://www.rahisystems.com/,Email Not Found,N/A,0 reviews,"Unit 1202, 12/F Chevalier HSE45, 51 Chatham Rd S, Tsim Sha Tsui, Hong Kong",60,⭐ Medium Priority,New,No,2026-07-15 17:37:33,"Subject: Elevate Your Brand in the Heart of Hong Kong with lightfantastic.tv

Dear Rahi Systems Hong Kong - Global IT Solutions Provider Team,

I came across your company, Rahi Systems Hong Kong, and was impressed by the wide range of IT solutions you provide to businesses in Hong Kong. As a leading out-of-home advertising platform, lightfantastic.tv is dedicated to helping businesses like yours reach their target audience effectively.

Our digital display screens strategically located in high-traffic areas of Hong Kong provide an ideal platform for brands to showcase their messages, products, or services. By partnering with us, you can tap into a vast audience, increase brand visibility, and drive sales. Our solutions are designed to be flexible and can be tailored to meet the unique needs of your business.

This Singles' Day, we're excited to offer a special promotion to help you take your brand to the next level. From November 5th to 11th, you can reserve one of our windows for just HK$120,000. This is a fantastic opportunity to reserve the full peak season and save against booking each window on its own.

If you're interested in learning more about how lightfantastic.tv can help your business thrive in Hong Kong, I'd be happy to discuss further. Please don't hesitate to reach out to me at hello@lightfantastic.tv.

Best regards,

Emily Wong
Sales Representative
lightfantastic.tv
Out-of-home advertising, Hong Kong. Put your brand",
28,Galaxy Technology Innovation Limited,+61 426 695 028,No Website,No Website,5,1 reviews,"Nathan Rd, Mong Kok, Hong Kong",55,⭐ Medium Priority,New,No,2026-07-15 17:37:33,"Subject Line: Get Ready to Shine in Hong Kong's Busiest Streets

Dear Galaxy Technology Innovation Limited Team,

I came across your company while researching innovative businesses in Hong Kong, and I was impressed by your 5-star rating. As a representative from lightfantastic.tv, I believe our out-of-home advertising solutions can help take your brand to the next level.

Our digital screens are strategically placed across Hong Kong, capturing the attention of over 1.5 million people daily. By partnering with us, you can increase brand awareness, drive foot traffic, and reach your target audience in a unique and engaging way. Our platform is designed to help businesses like yours stay ahead of the competition and make a lasting impression on the city's bustling streets.

To help you achieve your marketing goals, we're excited to offer a special promotion during Singles' Day from November 5th to 11th. Book any of our four windows for HK$120,000, and you'll not only reserve the full peak season but also save compared to booking each window individually.

If you're interested in learning more about how lightfantastic.tv can amplify your brand's presence in Hong Kong, please don't hesitate to reach out to us at hello@lightfantastic.tv. Our team would be delighted to discuss a customized solution tailored to your business needs.

Best regards,

Emily Wong
Sales Representative
lightfantastic.tv
Out-of-home advertising, Hong Kong
Put your brand on the streets of Hong Kong.",
29,BR Softech- Game Development Company in HongKong,+91 78210 55537,https://www.brsoftech.com/hk.html,sales@brsoftech.com,5,1 reviews,"Tower 2, Silvercord, Unit 701, 7/F, 30 Canton Rd, Tsim Sha Tsui, Hong Kong",90,🔥 High Priority,New,No,2026-07-15 17:37:33,"Subject Line: Elevate Your Brand in Hong Kong with Lightfantastic.tv

Dear BR Softech Team,

I've been following your impressive work at BR Softech, a renowned game development company in Hong Kong, and was impressed by your 5-star rating on your website. Your commitment to innovation and quality is truly inspiring.

At Lightfantastic.tv, we specialize in out-of-home advertising in Hong Kong, putting your brand on the streets of this vibrant city. Our unique digital screens are strategically located in high-traffic areas, reaching a vast and engaged audience. By partnering with us, you can effectively increase brand awareness and drive foot traffic to your business.

Our comprehensive solution allows you to reserve all four windows at a discounted rate, making it an unbeatable deal for businesses like yours. And, to make it even sweeter, we're offering a special promotion during Singles' Day from November 5th to 11th, where you can secure one window for just HK$120,000.

Don't miss this opportunity to amplify your brand's presence in Hong Kong. If you're interested in learning more about how Lightfantastic.tv can benefit BR Softech, please reply to this email at hello@lightfantastic.tv.

Best regards,

Emily Wong
Sales Representative
Lightfantastic.tv
Out-of-home advertising, Hong Kong
Put your brand on the streets of Hong Kong.",
30,Computer Services & Management (HK),+852 2557 8339,http://www.csm.com.hk/,info@csm.com.hk,4.2,5 reviews,"24/F, 74 Hung To Rd, Kwun Tong, Hong Kong",87,🔥 High Priority,New,No,2026-07-15 17:37:33,"Subject: Unlock the Power of Out-of-Home Advertising in Hong Kong

Dear Computer Services & Management (HK) Team,

I came across your exceptional 4.2-star rated business, Computer Services & Management (HK), and I was impressed by your commitment to providing top-notch services. As a representative of lightfantastic.tv, I'd like to introduce you to an innovative out-of-home advertising solution that can help take your brand to the next level.

Our lightfantastic.tv platform offers a unique opportunity to showcase your brand on the streets of Hong Kong, reaching a vast and engaged audience. By partnering with us, you can:

* Reserve multiple windows for a fraction of the cost, ensuring maximum visibility and brand recognition
* Save against booking each window individually, maximizing your ROI
* Reach your target audience in a highly visible and impactful way

To celebrate Singles' Day, we're offering a limited-time promotion from November 5th to 11th, 2026. Book any of our windows during this period and enjoy an exclusive price of HK$120,000 per window.

If you're interested in exploring how lightfantastic.tv can help elevate your brand, I'd be delighted to set up a call to discuss further. Please don't hesitate to reach out to me at hello@lightfantastic.tv.

Best regards,

Emily Wong
Sales Representative
lightfantastic.tv
Out-of-home advertising, Hong Kong
Put your brand on the streets of Hong Kong.",
31,TerminalHK 香港終端,+852 3704 7358,http://www.terminalhk.com/,service@terminalhk.com,3.6,19 reviews,"3/F A室, Hung Cheong Factory Building, 742 - 748 Cheung Sha Wan Rd, Cheung Sha Wan, Hong Kong",82,🔥 High Priority,New,No,2026-07-15 17:37:33,"Subject Line: Amplify Your Brand Presence in Hong Kong with Lightfantastic.tv

Dear TerminalHK 香港終端 Team,

I came across your website, http://www.terminalhk.com/, and was impressed by the innovative services you offer. As a leading out-of-home advertising platform in Hong Kong, lightfantastic.tv helps businesses like yours reach a broader audience and create a lasting impression.

Our network of high-quality digital screens across Hong Kong's busiest locations provides unparalleled visibility for your brand. By partnering with us, you can effectively increase brand awareness, drive foot traffic, and ultimately boost sales. Our data-driven approach ensures that your message reaches the right people at the right time, maximizing your marketing ROI.

To celebrate Singles' Day, we're offering an exclusive deal: book any of our windows from November 5th to 11th for HK$120,000. This is a limited-time opportunity to reserve the full peak season and save against booking each window individually.

If you're interested in taking your marketing to the next level, I'd love to discuss how lightfantastic.tv can help. Please reply to this email or reach out to us at hello@lightfantastic.tv to schedule a consultation.

Best regards,

Emily Wong
Sales Representative, lightfantastic.tv
Out-of-home advertising, Hong Kong
Put your brand on the streets of Hong Kong.",
32,Cisco Systems (HK) Ltd,No Phone Number,https://www.cisco.com/c/en_hk/about.html,Email Not Found,4.6,27 reviews,"Harbour Rd, Wan Chai, Hong Kong",69,⭐ Medium Priority,New,No,2026-07-15 17:37:33,"Subject: Unlock HK's busiest streets with lightfantastic.tv

Dear Cisco Systems (HK) Ltd Team,

I came across your impressive website (https://www.cisco.com/c/en_hk/about.html) and noticed your 4.6-star rating on your company's dedication to innovation and excellence. I thought you might be interested in exploring an out-of-home advertising opportunity that could further amplify your brand's reach in Hong Kong.

lightfantastic.tv is an innovative platform that lets you take control of four strategic windows in the heart of Hong Kong's busiest streets. By reserving these windows, you can save significantly compared to booking each individually. This solution is perfect for companies like yours that want to make a lasting impression on your target audience.

This Singles' Day (5-11 Nov 2026), we're offering an exclusive deal for HK$120,000 per window. This is an unbeatable chance to put your brand on the streets of Hong Kong and reach the city's vibrant consumers. Don't miss out on this opportunity to elevate your brand's visibility and drive business growth.

If you're interested in learning more about how lightfantastic.tv can help you achieve your marketing goals, please reply to this email at hello@lightfantastic.tv. I'd be happy to schedule a call to discuss your specific needs and provide a customized quote.

Best regards,

Emily Wong
Sales Representative
lightfantastic.tv
Out-of-home advertising, Hong Kong
Put your brand on the",
33,ORICO,+852 9762 1825,https://www.orico-hk.com/,info@orico-hk.com,3.7,34 reviews,"Hong Kong, Sham Shui Po, Un Chau St, 85-95號, 新高登電腦廣場2樓265號",84,🔥 High Priority,New,No,2026-07-15 17:37:33,"Subject Line: Unbeatable Exposure for ORICO in the Heart of Hong Kong

Dear ORICO Team,

I came across ORICO's exceptional products on your website (https://www.orico-hk.com/) and was impressed by your 3.7-star rating. As a business owner in Hong Kong, you understand the importance of visibility and reaching a wider audience.

At lightfantastic.tv, we offer a unique out-of-home advertising solution that puts your brand on the streets of Hong Kong. Our four windows are strategically located in the city's busiest areas, providing unparalleled exposure for local businesses like yours. By reserving all four windows, you can save against booking each individually and secure your spot for the peak season.

To celebrate Singles' Day, we're offering a special promotion from November 5th to 11th, 2026. You can reserve any of our windows for just HK$120,000 each - a fantastic opportunity to elevate your brand's presence in the city.

If you're interested in learning more about how lightfantastic.tv can help ORICO reach new heights, please don't hesitate to reach out to us at hello@lightfantastic.tv. I'd be happy to schedule a call to discuss your advertising needs and how our solution can drive results for your business.

Best regards,

Emily Wong
Sales Representative
lightfantastic.tv
Out-of-home advertising, Hong Kong
Put your brand on the streets of Hong Kong.",
34,紅·番茄電腦店,+852 2818 9101,No Website,No Website,5,5 reviews,"Hong Kong, Sai Wan",57,⭐ Medium Priority,New,No,2026-07-15 17:37:33,"Subject Line: Elevate Your Brand in the Heart of Hong Kong with lightfantastic.tv

Dear 紅·番茄電腦店 Team,

I came across your business and was impressed by your 5-star rating. As a local business owner, I know how important it is to reach your target audience effectively. That's where lightfantastic.tv comes in - we're a leading out-of-home advertising platform in Hong Kong, helping brands like yours capture the attention of potential customers.

Our unique digital screens are strategically placed across four iconic locations in Hong Kong, providing unparalleled visibility and reach for your brand. By partnering with us, you can reserve the full peak season and save against booking each window on its own.

To celebrate Singles' Day, we're offering an exclusive deal for a limited time: HK$120,000 per window from November 5th to 11th. This is a fantastic opportunity to amplify your brand's presence in the city and drive sales.

If you're interested in learning more about how lightfantastic.tv can help you achieve your marketing goals, please don't hesitate to reach out to us at hello@lightfantastic.tv. We'd be delighted to schedule a call to discuss further.

Best regards,

Emily Wong
Sales Representative
lightfantastic.tv
Out-of-home advertising, Hong Kong. Put your brand on the streets of Hong Kong.",
35,Altech Computer System (HK) Limited,+852 3758 2695,http://www.altech.com.hk/,9a65e97ebe8141fca0c4fd686f70996b@sentry.wixpress.com,4.4,8 reviews,"Hong Kong, Cheung Sha Wan, Cheung Sha Wan Rd, 883號, 7樓08室",87,🔥 High Priority,New,No,2026-07-15 17:37:33,"Subject: Unlock Prime Visibility for Altech Computer System (HK) Limited in Hong Kong

Dear Altech Computer System (HK) Limited Team,

I hope this email finds you well. As a sales representative from lightfantastic.tv, I've been impressed with your company's commitment to delivering exceptional IT solutions to businesses in Hong Kong (as reflected in your 4.4-star rating on your website). Your dedication to excellence aligns with our mission to provide innovative out-of-home advertising solutions that put your brand on the streets of Hong Kong.

At lightfantastic.tv, we offer a unique opportunity for businesses like yours to reach a vast audience through our network of large-format digital screens. By partnering with us, you can create a lasting impact and drive brand awareness among your target audience. Our screens are strategically placed in high-traffic areas, ensuring maximum visibility and engagement.

To help you make the most of the upcoming peak season, we're excited to offer a special promotion for Singles' Day (5-11 Nov 2026). For a limited time, you can reserve one of our stunning digital windows for a special price of HK$120,000. This is an unbeatable offer that allows you to save against booking each window on its own and secure prime visibility for your brand.

If you're interested in learning more about how lightfantastic.tv can help Altech Computer System (HK) Limited achieve its marketing goals, please don't hesitate to reach out to us at hello@light",
36,旺角 MacBook 維修 | Mac Data Recovery | MacBook 屏幕維修 | iCertified 香港,+852 9825 9864,https://zh.icertified.com.hk/,icertifiedhk@yahoo.com,4.8,118 reviews,"Unit 809, 8/F, Hollywood Plaza, 610 Nathan Rd, Mong Kok, Hong Kong",100,🔥 High Priority,New,No,2026-07-15 17:37:33,"Subject: Unlock Peak Season Exposure for 旺角 MacBook 維修 | Mac Data Recovery | MacBook 屏幕維修 | iCertified 香港

Dear 旺角 MacBook 維修 | Mac Data Recovery | MacBook 屏幕維修 | iCertified 香港 Team,

I came across your exceptional services at icertified.com.hk, and I was impressed by your 4.8-star rating. As a seasoned sales representative at lightfantastic.tv, I'm excited to introduce you to our innovative out-of-home advertising solution that can help take your brand to the next level in Hong Kong.

Imagine having your brand displayed on all four windows of a prime location in Hong Kong, reaching over 10 million people daily. Our screens are strategically placed in high-traffic areas, guaranteeing maximum visibility and engagement. By partnering with us, you can enhance brand awareness, drive foot traffic to your stores, and ultimately boost sales.

We're offering an exclusive Singles' Day deal from November 5th to 11th, 2026. Reserve our windows at an unbeatable rate of HK$120,000 per window. This is a fantastic opportunity to secure prime real estate during the peak season and achieve a significant return on investment.

If you're interested in learning more about this limited-time offer or would like to schedule a consultation to discuss how lightfantastic.tv can help your business thrive, please don't hesitate to reach out to me directly at hello@lightfantastic.tv",
37,Micro Computer (HK) Tech Limited,+852 3050 6835,https://www.minisforum.com/,uk@minisforum.com,N/A,0 reviews,"Shui On Centre, Harbour Rd, Wan Chai, Hong Kong",75,🔥 High Priority,New,No,2026-07-15 17:37:33,"Subject Line: Reach the Right Audience with Outdoor Advertising in Hong Kong

Dear Micro Computer (HK) Tech Limited Team,

I hope this email finds you well. My name is Emily Wong, and I'm a sales representative from lightfantastic.tv, Hong Kong's leading outdoor advertising platform. Our mission is to help businesses like yours effectively reach and engage with their target audience in the city.

At lightfantastic.tv, we understand the importance of having a strong presence in the market, especially in a competitive landscape like Hong Kong. Our platform offers an innovative way to capture the attention of potential customers through large-format digital displays at key locations across the city. By partnering with us, you'll be able to increase brand visibility, drive foot traffic, and ultimately boost sales.

I'd like to draw your attention to our special offer for Singles' Day, a significant shopping event in Hong Kong, taking place from 5 to 11 November 2026. For a limited time, you can reserve any of our four windows for an exclusive price of HK$120,000 per window. This is an unbeatable opportunity to reserve the full peak season and save against booking each window on its own.

If you're interested in exploring how lightfantastic.tv can help Micro Computer (HK) Tech Limited achieve its marketing goals, please don't hesitate to reach out to me directly at hello@lightfantastic.tv. I'd be more than happy to discuss your requirements and provide a tailored solution that suits your",
38,iMBrace Limited - Hong Kong,+852 3795 5877,https://www.imbrace.co/,path-copy-5@2x1.png,5,1 reviews,"10a, Eton Building, 288 Des Voeux Rd Central, Sheung Wan, Hong Kong",90,🔥 High Priority,New,No,2026-07-15 17:37:33,"Subject: Elevate Your Brand in Hong Kong with Lightfantastic.tv

Hi iMBrace Limited - Hong Kong Team,

As a business that has shown excellence in its industry, I believe you understand the importance of standing out in the competitive Hong Kong market. At lightfantastic.tv, we offer an innovative and effective way to achieve this through our out-of-home advertising solutions, putting your brand on the streets of Hong Kong.

Our digital screens are strategically placed in high-traffic areas, ensuring maximum visibility and engagement for your target audience. By partnering with us, you can showcase your brand to the right people at the right time, driving awareness, traffic, and sales.

We're excited to offer an exclusive promotion for Singles' Day (5-11 Nov 2026): purchase any of our four windows for HK$120,000, saving you compared to booking each window individually. This is an unbeatable opportunity to elevate your brand's presence in Hong Kong.

Ready to take your brand to the next level? Get in touch with us at hello@lightfantastic.tv to learn more and reserve your spot.

Best regards,

Emily Wong
Sales Representative
Lightfantastic.tv
Out-of-home advertising, Hong Kong
Put your brand on the streets of Hong Kong.",
39,Hong Kong Companies Online Limited,+852 3691 8411,http://www.col.hk/,info@col.hk,5,2 reviews,"Flat B, 11/F, Thomson Rd, Wan Chai, Hong Kong",90,🔥 High Priority,New,No,2026-07-15 17:37:33,"Subject: Unlock Peak Season Advertising Opportunities in Hong Kong

Dear Hong Kong Companies Online Limited Team,

I came across your website, http://www.col.hk/, and was impressed by the high rating of 5. As a leading online presence for Hong Kong businesses, I believe you understand the importance of effective advertising in the city's vibrant streets.

At lightfantastic.tv, we specialize in out-of-home advertising, putting your brand in front of thousands of people across Hong Kong. By partnering with us, you can reach new customers, increase brand awareness, and drive sales. Our network of displays offers unparalleled visibility, making it an ideal platform for businesses like yours to connect with their target audience.

To make the most of the peak season, we're offering an exclusive deal for Singles' Day (5-11 Nov 2026): HK$120,000 per window. This is a unique opportunity to reserve your ad space and save against booking individual windows.

If you're interested in exploring this opportunity further, please don't hesitate to reach out to us at hello@lightfantastic.tv. We'd be delighted to discuss how lightfantastic.tv can help you achieve your advertising goals.

Best regards,

Emily Wong
Sales Representative
lightfantastic.tv
Out-of-home advertising, Hong Kong Put your brand on the streets of Hong Kong.",
40,上木(香港)科技,+852 8103 3821,https://www.yokama.com.hk/,donate@opencart.com,5,2 reviews,"3樓C2室, Dragon Industrial Building, 號, 93 King Lam St, Lai Chi Kok, Hong Kong",90,🔥 High Priority,New,No,2026-07-15 17:37:33,"Subject Line: Reach New Heights with Your Brand in Hong Kong

Dear 上木(香港)科技 Team,

I came across your business and was impressed by the innovative solutions you offer at yokama.com.hk. As a leader in the industry with a 5-star rating, you understand the importance of effective marketing and reaching your target audience.

At lightfantastic.tv, we believe that out-of-home advertising can make a significant impact on brand awareness and customer engagement. Our unique product allows you to put your brand on the streets of Hong Kong, where it can be seen by millions of people every day. With our solution, you can reserve the full peak season and save against booking each window on its own.

To make your brand shine even brighter, we're excited to offer a special promotion for Singles' Day from November 5th to 11th: HK$120,000 per window. This is a unique opportunity to boost your brand's visibility and reach a wider audience.

If you're interested in learning more about how lightfantastic.tv can help your business grow, please don't hesitate to reach out to us at hello@lightfantastic.tv. We'd be happy to discuss your marketing goals and provide a customized solution.

Best regards,

Emily Lee
Sales Representative
lightfantastic.tv
Out-of-home advertising, Hong Kong
Put your brand on the streets of Hong Kong.",
41,Systematic Computer Education Centre,+852 2332 6544,https://www.systematic.com.hk/,systematichk@gmail.com,4.1,38 reviews,"18/F, 109 Argyle St, Mong Kok, Hong Kong",89,🔥 High Priority,New,No,2026-07-15 17:37:33,"Subject: Elevate Your Brand's Visibility in Hong Kong with lightfantastic.tv

Dear Systematic Computer Education Centre,

I've come across your excellent education services at Systematic Computer Education Centre (https://www.systematic.com.hk/) and noticed your 4.1-star rating on your website. That's truly impressive!

At lightfantastic.tv, we specialize in out-of-home advertising in Hong Kong. Our unique solution allows you to reach a massive audience with a single, impactful display on our giant screens. By partnering with us, you can effectively put your brand on the streets of Hong Kong and amplify your message.

Our platform is particularly effective for businesses like yours, which rely on attracting new students and establishing a strong presence in the community. By reaching a large and diverse audience, you can increase brand awareness, drive foot traffic to your centres, and ultimately grow your customer base.

To celebrate Singles' Day, we're offering a special promotion from November 5th to 11th, 2026: HK$120,000 per window! This is a fantastic opportunity to reserve a prime spot and make a lasting impression on the streets of Hong Kong.

If you're interested in learning more about how lightfantastic.tv can help Systematic Computer Education Centre, please don't hesitate to reach out to us at hello@lightfantastic.tv.

Best regards,

Emily Wong
Sales Representative
lightfantastic.tv
Out-of-home advertising, Hong Kong. Put your brand on the",
42,鴻興公司 Bob Lai & Co. (BLC Online / Bob Lai HK),+852 9585 7377,http://www.boblai.hk/,message.boblai@gmail.co,4.9,29 reviews,"Shop 2 - 290, 2/F, CKE Shopping Mall, 40 Nathan Rd, Tsim Sha Tsui, Hong Kong",94,🔥 High Priority,New,No,2026-07-15 17:37:33,"Subject: Unlock Peak Season Visibility for BLC Online/Bob Lai HK

Dear Bob Lai & Co. Team,

I hope this email finds you well. As a representative from lightfantastic.tv, I've been following the success of 鴻興公司 Bob Lai & Co. (BLC Online / Bob Lai HK) and noticed your impressive 4.9-star rating on http://www.boblai.hk/. We've been helping businesses like yours reach new heights through out-of-home advertising in Hong Kong, and I believe our unique offering could be a perfect fit for your brand.

With lightfantastic.tv, you can reserve all four windows in our digital network for a discounted rate of HK$400,000, saving you money compared to booking each window individually. But, for a limited time, we're excited to announce a special offer just for Singles' Day: from November 5th to 11th, reserve a window for an unbeatable price of HK$120,000 – a 70% discount from our usual rate. This is an ideal opportunity to elevate your brand's visibility during the peak season.

If you're interested in learning more about how lightfantastic.tv can help your business shine in Hong Kong, please don't hesitate to reach out to us at hello@lightfantastic.tv. We'd love to discuss how our innovative solution can drive engagement and growth for your brand.

Best regards,

Emily Chan
Sales Representative
light",
43,Golden Computer Accessories,+852 2833 6898,http://www.golden-computer.com/,sales@golden-computer.com,3.8,4 reviews,N/A,75,🔥 High Priority,New,No,2026-07-15 17:37:33,"Subject: Elevate Your Brand on the Streets of Hong Kong

Dear Golden Computer Accessories Team,

I hope this email finds you well. My name is Emily from lightfantastic.tv, and I've been following your company's growth and success at http://www.golden-computer.com/. With a 3.8-star rating, you've clearly established yourself as a trusted brand in the industry.

At lightfantastic.tv, we specialize in out-of-home advertising that puts your brand on the streets of Hong Kong. By partnering with us, you can increase brand visibility, reach a wider audience, and drive sales. Our display windows are strategically located in high-traffic areas, ensuring maximum exposure for your brand.

To help businesses like yours thrive, we're offering an exclusive promotion for Singles' Day (5-11 Nov 2026). For just HK$120,000 per window, you can secure a full peak season booking and save against booking each window individually. This is a fantastic opportunity to amplify your brand message and capitalize on the festive season.

If you're interested in learning more about how lightfantastic.tv can support your marketing efforts, please don't hesitate to reach out to us at hello@lightfantastic.tv. I'd be more than happy to discuss your specific needs and create a customized plan to meet your goals.

Best regards,

Emily
Sales Representative
lightfantastic.tv
Elevate Your Brand on the Streets of Hong Kong
Out-of-home advertising, Hong",
44,Nomitech Hongkong,No Phone Number,No Website,No Website,N/A,0 reviews,"Un Chau St, Un Chau, Hong Kong",30,💡 Low Priority,New,No,2026-07-15 17:37:33,"Subject Line: Unleash Your Brand's Potential in the Heart of Hong Kong

Hi Nomitech Hongkong Team,

I came across your business and was impressed by the innovative work you're doing in the industry. I wanted to introduce you to lightfantastic.tv, the ultimate platform for out-of-home advertising in Hong Kong. Our LED displays are strategically placed in the city's busiest areas, allowing you to reach over 3 million potential customers daily.

By partnering with us, you can effectively amplify your brand's message, increase brand awareness, and drive foot traffic to your store. Our flexible advertising solutions cater to businesses of all sizes, making it an ideal choice for ambitious brands like Nomitech Hongkong.

To help you make a lasting impact on the streets of Hong Kong, we're excited to offer an exclusive promotion for Singles' Day: book any of our four windows from November 5th to 11th, and enjoy an unbeatable rate of HK$120,000 per window. This is a fantastic opportunity to reach new heights and make a statement during one of the busiest shopping periods of the year.

If you're interested in learning more about how lightfantastic.tv can elevate your brand's presence in Hong Kong, please don't hesitate to reach out to us at hello@lightfantastic.tv. We'd be delighted to discuss how our solutions can drive real results for your business.

Best regards,

Emily Wong
Sales Representative, lightfantastic.tv
Out-of-home",
45,Donnelley Financial Solutions Hong Kong Limited (DFIN) 当纳利金融服务集团,+852 2522 3803,http://www.dfinsolutions.com/,careers@dfinsolutions.com,4,3 reviews,"20/F, Wheelock House, 20 Pedder St, Central, Hong Kong",85,🔥 High Priority,New,No,2026-07-15 17:37:33,"Subject: Unlock Peak Season Visibility for DFIN

Dear Donnelley Financial Solutions Hong Kong Limited (DFIN) 当纳利金融服务集团 Team,

I came across your company, DFIN, and was impressed by your financial advisory services to clients in Hong Kong. As a marketer, I understand the importance of effective brand visibility to reach your target audience.

At lightfantastic.tv, we specialize in out-of-home advertising solutions that help businesses like yours shine on the streets of Hong Kong. Our innovative platform offers a unique opportunity to reserve all four windows for a fixed price, allowing you to maximize your brand exposure during the peak season.

This Singles' Day, from November 5th to 11th, we're offering an exclusive deal: HK$120,000 per window, a significant discount from our regular pricing. By securing our windows, you'll be able to showcase your brand to millions of potential customers, driving brand awareness and foot traffic to your business.

Don't miss this chance to amplify your brand presence in Hong Kong. To learn more about this limited-time offer and how lightfantastic.tv can help DFIN achieve its marketing goals, please reply to this email at hello@lightfantastic.tv.

Looking forward to discussing how we can help you make a lasting impression on the streets of Hong Kong.

Best regards,

Emily Wong
Sales Representative
lightfantastic.tv
Out-of-home advertising, Hong Kong
Put your brand on the streets of Hong Kong.",
46,H.K.C.Computer Ltd.香港電腦有限公司,No Phone Number,https://www.yeahk.com/,hkc@yeahk.com,3,2 reviews,"Shop 74, 1/F, Golden Computer Centre, Sham Shui Po, Hong Kong",65,⭐ Medium Priority,New,No,2026-07-15 17:37:33,"Subject Line: Elevate Your Brand Presence in Hong Kong with Lightfantastic.tv

Dear H.K.C.Computer Ltd. Team,

I came across your website, yeahk.com, and was impressed with the services you offer to the Hong Kong community. As a business with a strong online presence, I believe you understand the importance of being visible offline as well.

Lightfantastic.tv is a pioneering out-of-home advertising platform that puts your brand on the streets of Hong Kong, reaching a massive audience of over 7 million people. Our unique approach allows you to reserve all four windows for a fixed price of HK$400,000, guaranteeing maximum visibility for your brand during peak hours.

Our platform is perfect for businesses like yours that want to increase brand awareness, drive foot traffic, and boost sales. By partnering with us, you'll be able to reach your target audience in a more tangible and engaging way, ultimately leading to a higher return on investment.

To make your advertising experience even more rewarding, we're offering a special promotion for Singles' Day from November 5th to 11th, 2026. Book any of our windows during this period and enjoy an exclusive rate of HK$120,000 per window.

If you're interested in learning more about how lightfantastic.tv can help elevate your brand presence in Hong Kong, please don't hesitate to reach out to us at hello@lightfantastic.tv. We'd be delighted to discuss your advertising goals and create a",
47,Insight Enterprises Hong Kong,+852 2972 8200,http://hk.insight.com/,careers@hk.insight.com,5,3 reviews,"Unit 01-02, Level 25, K11 Atelier, 728 King's Rd, Quarry Bay, Hong Kong",90,🔥 High Priority,New,No,2026-07-15 17:37:33,"Subject: Elevate Your Brand in Hong Kong's Bustling Streets

Dear Insight Enterprises Hong Kong Team,

I came across your impressive website (http://hk.insight.com/) and was delighted to see your 5-star rating. As a marketing professional, I know that effective out-of-home advertising can make a significant impact on brand visibility and customer engagement.

At lightfantastic.tv, we specialize in providing innovative outdoor advertising solutions for businesses like yours. By partnering with us, you can reserve the perfect window displays across Hong Kong, showcasing your brand to millions of potential customers. Our unique offering allows you to take all four windows for a competitive price of HK$400,000, saving you costs compared to booking individual windows.

This Singles' Day, from November 5th to 11th, we're excited to offer an exclusive promotion: HK$120,000 per window, a limited-time opportunity to elevate your brand presence in the heart of Hong Kong.

If you're interested in learning more about how lightfantastic.tv can help you achieve your marketing goals, please don't hesitate to reach out to us at hello@lightfantastic.tv. We'd be delighted to discuss the possibilities and create a customized plan tailored to your business needs.

Looking forward to hearing from you!

Best regards,

Emily Wong
Sales Representative
lightfantastic.tv
Out-of-home advertising, Hong Kong
Put your brand on the streets of Hong Kong.",
48,Aloha Group | Digital Marketing & SEO Tech Company in Hong Kong,+852 3643 0568,https://www.alohaonline.asia/,info@alohaonline.asia,3.7,3 reviews,"Unit 316 3/F, 72 Tat Chee Ave, Kowloon Tong, Hong Kong",80,🔥 High Priority,New,No,2026-07-15 17:37:33,"Subject Line: Unlock Peak Season Savings in Hong Kong with lightfantastic.tv

Hi Aloha Group Team,

I came across your website, https://www.alohaonline.asia/, and noticed that you're a leading digital marketing and SEO tech company in Hong Kong. I'm excited to introduce you to lightfantastic.tv, the ultimate out-of-home advertising solution that can elevate your brand's visibility in the city.

Our cutting-edge digital screens are strategically located in four prime areas of Hong Kong, providing unparalleled reach and exposure for your brand. By reserving our screens, you can save significantly compared to booking individual windows, and secure a prime spot for the peak season.

We're running a special promotion for Singles' Day from November 5th to 11th, 2026, where you can reserve one of our windows for just HK$120,000. This is a fantastic opportunity to amplify your brand's message and connect with your target audience in the most vibrant city in Asia.

If you're interested in taking your brand to the streets of Hong Kong and reaching new heights, I'd love to discuss this further with you. Simply reply to this email at hello@lightfantastic.tv or give me a call to explore how lightfantastic.tv can help drive your business forward.

Looking forward to hearing from you!

Best regards,

Emily Wong
Sales Representative
lightfantastic.tv
Out-of-home advertising, Hong Kong
Put your brand on the streets of Hong Kong.",
49,Masterlink Technology 曼聯科技有限公司 (Masterlink Computer 萬聯電腦),+852 2311 0690,https://masterlink.com.hk/,Email Not Found,5,1 reviews,"LG75, Peninsula Centre, 67 Mody Rd, Tsim Sha Tsui, Hong Kong",75,🔥 High Priority,New,No,2026-07-15 17:37:33,"Subject: Unlock the Power of Outdoor Advertising in Hong Kong

Dear Masterlink Technology 曼聯科技有限公司 (Masterlink Computer 萬聯電腦) Team,

I came across your company while researching innovative technology solutions in Hong Kong, and I was impressed by your exceptional rating of 5. As a representative from lightfantastic.tv, I'd like to introduce you to a unique opportunity to elevate your brand's visibility in the city.

Our out-of-home advertising platform, lightfantastic.tv, allows you to reach a massive audience of over 2 million people in Hong Kong. By reserving our windows, you can create a lasting impression and build brand awareness among your target market. Plus, with our all-in-one package, you can take all four windows for a discounted rate of HK$400,000 – a significant saving compared to booking each window individually.

As we approach the peak season, I'd like to offer you an exclusive deal to make the most of your marketing efforts. During our Singles' Day promotion (5-11 Nov 2026), you can reserve our windows at an unbeatable rate of HK$120,000 per window. This is a fantastic opportunity to boost your brand's visibility and drive customer engagement.

If you're interested in exploring this opportunity further, please don't hesitate to reach out to me at hello@lightfantastic.tv. I'd be more than happy to discuss how lightfantastic.tv can help Masterlink Technology 曼聯科技有限公司 (Masterlink Computer",
50,Sangfor Technologies (Hong Kong) Limited,+852 3845 5410,https://www.sangfor.com/,Email Not Found,5,18 reviews,"Unit 1612-16, 16/F, The Metropolis Metropolis Tower, 10 Metropolis Dr, Hung Hom, Hong Kong",77,🔥 High Priority,New,No,2026-07-15 17:37:33,"Subject: Elevate Your Brand in Hong Kong's Vibrant Streets

Dear Sangfor Technologies (Hong Kong) Limited Team,

I came across Sangfor Technologies (Hong Kong) Limited and was impressed by your company's commitment to delivering top-notch cybersecurity solutions. As a leading provider of out-of-home advertising in Hong Kong, I'd like to introduce lightfantastic.tv - a unique opportunity to put your brand on the streets of Hong Kong.

Our digital billboard network offers a dynamic way to reach a vast and engaged audience. By partnering with us, you can increase brand awareness, drive website traffic, and enhance customer engagement. Our platform is particularly effective for businesses like yours, which rely on targeted marketing to establish a strong presence in the market.

To give you an exclusive head start, we're offering a special promotion for Singles' Day from November 5th to 11th, 2026. For HK$120,000 per window, you can reserve a full peak season booking and save against individual window bookings. This is an unbeatable chance to make a lasting impression on the streets of Hong Kong.

If you're interested in learning more about how lightfantastic.tv can help Sangfor Technologies (Hong Kong) Limited reach new heights, please don't hesitate to reach out to us at hello@lightfantastic.tv. We'd be delighted to discuss your marketing goals and explore how our platform can support your objectives.

Best regards,

Emily Wong
Sales Representative
lightfantastic.tv
Out","{'found': 30, 'total': 50, 'rate': 60.0}"
